,,,CREACIÓN,,MODIFICACIÓN,,,,CATEGORIAS,CÓDIGO,CATEGORIAS,BASE LEGAL,FECHA PROMULGACIÓN,BASE LEGAL,FECHA PROMULGACIÓN,UBICACIÓN POLITICA,EXTENSION  (ha),PARQUES NACIONALES         (15),PN 01,de Cutervo,LEY Nº 13694,08.09.1961,LEY Nº 28860,03.08.2006,CAJAMARCA,"8,214.23",PARQUES NACIONALES         (15),PN 02,de Tingo María,LEY Nº 15574,14.05.1965,,,HUANUCO,"4,777.00",PARQUES NACIONALES         (15),PN 03,del Manu,D.S. Nº 644-1973-AG,29.05.1973,D.S. Nº 045-2002-AG,11.07.2002,CUSCO y MADRE DE DIOS,"1,716,295.22",PARQUES NACIONALES         (15),PN 04,Huascarán,D.S. Nº 0622-1975-AG,01.07.1975,,,ANCASH,"340,000.00",PARQUES NACIONALES         (15),PN 05,Cerros de Amotape,D.S. Nº 0800-1975-AG,22.07.1975,D.S. Nº 046-2006-AG; Ley N°30359,07.07.2006 / 11.11.2015,TUMBES y PIURA,"151,767.49",PARQUES NACIONALES         (15),PN 06,del Río Abiseo,D.S. Nº 064-1983-AG,11.08.1983,,,SAN MARTIN,"274,520.00",PARQUES NACIONALES         (15),PN 07,Yanachaga - Chemillén,D.S. Nº 068-1986-AG,29.08.1986,,,PASCO,"122,000.00",PARQUES NACIONALES         (15),PN 08,Bahuaja - Sonene,D.S. Nº 012-1996-AG,17.07.1996,D.S. Nº 048-2000-AG,04.09.2000,MADRE DE DIOS y PUNO,"1,091,416.00",PARQUES NACIONALES         (15),PN 09,Cordillera Azul,D.S. Nº 031-2001-AG,21.05.2001,,,"SAN MARTIN, LORETO, UCAYALI y HUANUCO","1,353,190.85",PARQUES NACIONALES         (15),PN 10,Otishi,D.S. Nº 003-2003-AG,14.01.2003,D.S. Nº 021-2003-AG,30.05.2003,JUNIN y CUSCO,"305,973.05",PARQUES NACIONALES         (15),PN 11,Alto Purús,D.S. Nº 040-2004-AG,18.11.2004,,,UCAYALI y MADRE DE DIOS,"2,510,694.41",PARQUES NACIONALES         (15),PN 12,Ichigkat Muja - Cordillera del Cóndor,D.S. Nº 023-2007-AG,09.08.2007,,,AMAZONAS,"88,477.00",PARQUES NACIONALES         (15),PN 13,Güeppí-Sekime,D.S. Nº 006-2012-MINAM,25.10.2012,,25.10.2012,LORETO,"203,628.51",PARQUES NACIONALES         (15),PN 14,Sierra del Divisor,D.S. Nº 014-2015-MINAM,09.11.2015,,,LORETO Y UCAYALI,"1,354,485.10",PARQUES NACIONALES         (15),PN 15,Yaguas,D.S. Nº 001-2018-MINAM,10.01.2018,,,LORETO,"868,927.84",SANTUARIOS NACIONALES   (9),"
SN 01",de Huayllay,D.S. Nº 0750-1974-AG,07.08.1974,,,PASCO,"6,815.00",SANTUARIOS NACIONALES   (9),SN 02,de Calipuy,D.S. Nº 004-1981-AA,08.01.1981,,,LA LIBERTAD,"4,500.00",SANTUARIOS NACIONALES   (9),SN 03,Lagunas de Mejía,D.S. Nº 015-1984-AG,24.02.1984,,,AREQUIPA,690.6,SANTUARIOS NACIONALES   (9),SN 04,de Ampay,D.S. Nº 042-1987-AG,23.07.1987,,,APURIMAC,"3,635.50",SANTUARIOS NACIONALES   (9),SN 05,los Manglares de Tumbes,D.S. Nº 018-1988-AG,02.03.1988,,,TUMBES,"2,972.00",SANTUARIOS NACIONALES   (9),SN 06,Megantoni,D.S. Nº 030-2004-AG,17.08.2004,,,CUSCO,"215,868.96",SANTUARIOS NACIONALES   (9),SN 07,Pampa Hermosa,D.S. Nº 005-2009-MINAM,26.03.2009,,,JUNIN,"11,543.74",SANTUARIOS NACIONALES   (9),SN 08,Tabaconas - Namballe,D.S. Nº 051-1988-AG,20.05.1988,D.S. Nº 017-2009-MINAM,03.09.2009,CAJAMARCA,"32,124.87",SANTUARIOS NACIONALES   (9),SN 09,Cordillera de Colán,D.S. Nº 021-2009-MINAM,09.12.2009,,,AMAZONAS,"39,215.80",SANTUARIOS HISTORICOS    (4),SH 01,de Chacamarca,D.S. Nº 0750-1974-AG,07.08.1974,,,JUNIN,"2,500.00",SANTUARIOS HISTORICOS    (4),SH 02,de la Pampa de Ayacucho,D.S. Nº 119-1980-AA,14.08.1980,,,AYACUCHO,300,SANTUARIOS HISTORICOS    (4),SH 03,de Machupicchu,D.S. Nº 001-1981-AA,08.01.1981,,,CUSCO,"32,592.00",SANTUARIOS HISTORICOS    (4),SH 04,Bosque de Pomac,D.S. Nº 034-2001-AG,01.06.2001,,,LAMBAYEQUE,"5,887.38",RESERVAS NACIONALES       (15),RN 01,Pampa Galeras Bárbara D' Achille,R.S. Nº 157-A,18.05.1967,D.S. Nº017-93-PCM,06.04.1993,AYACUCHO,"6,500.00",RESERVAS NACIONALES       (15),RN 02,de Junín,D.S. Nº 0750-1974-AG,07.08.1974,,,JUNIN y PASCO,"53,000.00",RESERVAS NACIONALES       (15),RN 03,de Paracas,D.S. Nº 1281-1975-AG,25.09.1975,,,ICA,"335,000.00",RESERVAS NACIONALES       (15),RN 04,de Lachay,D.S. Nº 310-1977-AG,21.06.1977,,,LIMA,"5,070.00",RESERVAS NACIONALES       (15),RN 05,del Titicaca,D.S. Nº 185-1978-AA,31.10.1978,,,PUNO,"36,180.00",RESERVAS NACIONALES       (15),RN 06,de Salinas y Aguada Blanca,D.S. Nº 070-1979-AA,09.08.1979,,,AREQUIPA y MOQUEGUA,"366,936.00",RESERVAS NACIONALES       (15),RN 07,de Calipuy,D.S. Nº 004-1981-AA,08.01.1981,,,LA LIBERTAD,"64,000.00",RESERVAS NACIONALES       (15),RN 08,Pacaya - Samiria,D.S. Nº 06-1972-PE,25.02.1972,D.S. Nº 016-82-AG D.S. Nº 007-2007-AG,"04.02.1982
25.01.2007",LORETO,"2,080,000.00",RESERVAS NACIONALES       (15),RN 09,Tambopata,D.S. Nº 048-2000-AG,04.09.2000,FE DE ERRATAS,10.09.2000,MADRE DE DIOS,"274,690.00",RESERVAS NACIONALES       (15),RN 10,Allpahuayo  Mishana,D.S. Nº 002-2004-AG,15.01.2004,,,LORETO,"58,069.90",RESERVAS NACIONALES       (15),RN 11,de Tumbes,D.S. Nº 046-2006-AG,07.07.2006,,,TUMBES,"19,266.72",RESERVAS NACIONALES       (15),RN 12,Matsés,D.S. Nº 014-2009-MINAM,26.08.2009,,,LORETO,"420,635.34",RESERVAS NACIONALES       (15),RN13.01,Isla Lobos de Tierra,D.S. Nº 024-2009-MINAM,31.12.2009,,,NA,"18,278.90",RESERVAS NACIONALES       (15),RN13.02,Islas Lobos de Afuera,,,,,NA,"8,265.13",RESERVAS NACIONALES       (15),RN13.03,Islas Macabí,,,,,NA,"8,015.76",RESERVAS NACIONALES       (15),RN13.04-05,Islas Guañape Norte y Guañape Sur,,,,,NA,"8,487.36",RESERVAS NACIONALES       (15),RN13.06,Isla Chao,,,,,NA,"4,495.28",RESERVAS NACIONALES       (15),RN13.07,Islote Corcovado,,,,,NA,"5,228.21",RESERVAS NACIONALES       (15),RN13.08,Isla Santa,,,,,NA,"6,662.71",RESERVAS NACIONALES       (15),RN13.09,Punta Culebras,,,,,ANCASH,"2,953.89",RESERVAS NACIONALES       (15),RN13.10,Punta Colorado,,,,,,"2,209.86",RESERVAS NACIONALES       (15),RN13.11,Punta La Litera,,,,,LIMA,"2,036.45",RESERVAS NACIONALES       (15),RN13.12,Islote Don Martín,,,,,NA,"3,312.02",RESERVAS NACIONALES       (15),RN13.13-15,"Punta Salinas, Isla Huampanú e Isla Mazorca",,,,,LIMA,"14,207.80",RESERVAS NACIONALES       (15),RN13.16,Islote Grupo de Pescadores,,,,,NA,"6,913.23",RESERVAS NACIONALES       (15),RN13.17-18,Islas Cavinzas e Islotes Palominos,,,,,NA,"5,146.88",RESERVAS NACIONALES       (15),RN13.19,Islas Pachacamac,,,,,NA,"4,289.88",RESERVAS NACIONALES       (15),RN13.20,Isla Asia,,,,,NA,"3,929.58",RESERVAS NACIONALES       (15),RN13.21-23,"Isla Chincha Norte, Centro y Sur",,,,,NA,"9,410.91",RESERVAS NACIONALES       (15),RN13.24-26,"Isla Ballestas Norte, Centro y Sur",,,,,NA,"7,197.01",RESERVAS NACIONALES       (15),RN13.27,Punta Lomitas,,,,,ICA,"2,465.85",RESERVAS NACIONALES       (15),RN13.28,Punta San Juan,,,,,,"2,968.80",RESERVAS NACIONALES       (15),RN13.29,Punta Lomas,,,,,AREQUIPA,"2,404.26",RESERVAS NACIONALES       (15),RN13.30,Punta Atico,,,,,,"3,467.69",RESERVAS NACIONALES       (15),RN13.31,Punta La Chira,,,,,,"2,436.68",RESERVAS NACIONALES       (15),RN13.32,Punta Hornillos,,,,,,"2,684.19",RESERVAS NACIONALES       (15),RN13.33,Punta Coles,,,,,MOQUEGUA,"3,365.14",RESERVAS NACIONALES       (15),RN14,Pucacuro,D.S. Nº 015-2010-MINAM,23.10.2010,,,LORETO,"637,953.83",RESERVAS NACIONALES       (15),RN15,San Fernando,D.S. Nº 017-2011-MINAM,09.07.2011,,,ICA,"154,716.37",REFUGIO DE VIDA SILVESTRE     (3),RVS 01,Laquipampa,D.S. Nº 045-2006-AG,07.07.2006,,,LAMBAYEQUE,"8,328.64",REFUGIO DE VIDA SILVESTRE     (3),RVS 02,Los Pantanos de Villa,D.S. Nº 055-2006-AG,31.08.2006,,,LIMA,263.27,REFUGIO DE VIDA SILVESTRE     (3),RVS 03,Bosques Nublados de Udima,D.S. Nº 020-2011-MINAM,21.07.2011,,,CAJAMARCA,"12,183.20",RESERVAS PAISAJÍSTICAS       (2),"RP
RP 01","
Nor Yauyos - Cochas",D.S. Nº 033-2001-AG,01.05.2001,,,LIMA y JUNIN,"221,268.48",RESERVAS PAISAJÍSTICAS       (2),RP 02,Subcuenca del Cotahuasi,D.S. Nº 027-2005-AG,23.05.2005,,,AREQUIPA,"490,550.00",RESERVAS COMUNALES       (10),"RC
RC 01",Yanesha,R.S. Nº 0193-1988-AG-DGFF,28.04.1988,,,PASCO,"34,744.70",RESERVAS COMUNALES       (10),RC 02,El Sira,D.S. Nº 037-2001-AG,22.06.2001,,,"HUANUCO, PASCO y UCAYALI","616,413.41",RESERVAS COMUNALES       (10),RC 03,Amarakaeri,D.S. Nº 031-2002-AG,09.05.2002,,,MADRE DE DIOS,"402,335.62",RESERVAS COMUNALES       (10),RC 04,Asháninka,D.S. Nº 003-2003-AG,14.01.2003,D.S. Nº 021-2003-AG,30.05.2003,JUNIN y CUSCO,"184,468.38",RESERVAS COMUNALES       (10),RC 05,Machiguenga,D.S. Nº 003-2003-AG,14.01.2003,D.S. Nº 021-2003-AG,30.05.2003,CUSCO y JUNIN,"218,905.63",RESERVAS COMUNALES       (10),RC 06,Purús,D.S. Nº 040-2004-AG,18.11.2004,,,UCAYALI y MADRE DE DIOS,"202,033.21",RESERVAS COMUNALES       (10),RC 07,Tuntanain,D.S. Nº 023-2007-AG,09.08.2007,,,AMAZONAS,"94,967.68",RESERVAS COMUNALES       (10),RC 08,Chayu Nain,D.S. Nº 021-2009-MINAM,09.12.2009,,,AMAZONAS,"23,597.76",RESERVAS COMUNALES       (10),RC 09,Airo Pai,D.S. Nº 006-2012-MINAM,25.10.2012,,,LORETO,"247,887.59",RESERVAS COMUNALES       (10),RC10,Huimeki,D.S. Nº 006-2012-MINAM,25.10.2012,,,LORETO,"141,234.46",BOSQUES DE PROTECCION  (6),"BP
BP 01","
Aledaño a la Bocatoma del Canal Nuevo Imperial",R.S. Nº 0007-1980-AA/DGFF,19.05.1980,,,LIMA,18.11,BOSQUES DE PROTECCION  (6),BP 02,Puquio Santa Rosa,R.S. Nº 0434-1982-AG/DGFF,02.09.1982,,,LA LIBERTAD,72.5,BOSQUES DE PROTECCION  (6),BP 03,de Pui Pui,R.S. Nº 0042-1985-AG/DGFF,31.01.1985,,,JUNIN,"60,000.00",BOSQUES DE PROTECCION  (6),BP 04,San Matías - San Carlos,R.S. Nº 0101-1987-AG/DGFF,20.03.1987,,,PASCO,"145,818.00",BOSQUES DE PROTECCION  (6),BP 05,Pagaibamba,R.S. Nº 0222-1987-AG/DGFF,19.06.1987,,,CAJAMARCA,"2,078.38",BOSQUES DE PROTECCION  (6),BP 06,Alto Mayo,R.S. Nº 0293-1987-AG/DGFF,23.07.1987,,,SAN MARTIN,"182,000.00",COTOS DE CAZA                    (2),"CC
CC 01","
El Angolo",R.S. Nº 0264-1975-AG,01.07.1975,,,PIURA,"65,000.00",COTOS DE CAZA                    (2),CC 02,Sunchubamba,R.M. Nº 00462-1977-AG,22.04.1977,,,CAJAMARCA y LA LIBERTAD,"59,735.00",ZONAS RESERVADAS           (09),"ZR
01",Chancaybaños,D.S. Nº 001-1996-AG,14.02.1996,,,CAJAMARCA,"2,628.00",ZONAS RESERVADAS           (09),3,Santiago - Comaina,D.S. Nº 005-1999-AG,21.01.1999,D.S. Nº 029-2000-AG/ D.S. Nº 023-2007-AG,06.07.2000 - 09.08.2007,AMAZONAS y LORETO,"398,449.44",ZONAS RESERVADAS           (09),5,Cordillera Huayhuash,R.M. Nº 1173-2002-AG,20.12.2002,,,"ANCASH, HUANUCO y LIMA","67,589.76",ZONAS RESERVADAS           (09),7,Sierra del Divisor,R.M. Nº 283-2006-AG,05.04.2006,D.S. Nº 014-2015-MINAM,09.11.2015,LORETO,"62,234.62",ZONAS RESERVADAS           (09),11,Río Nieva,R.M. Nº 187-2010-MINAM,01.10.2010,,,AMAZONAS,"36,348.30",ZONAS RESERVADAS           (09),13,Bosque de Zárate,R.M. Nº 195-2010-MINAM,13.10.2010,,,LIMA,545.75,ZONAS RESERVADAS           (09),14,Illescas,R.M. Nº 251-2010-MINAM,16.12.2010,,,PIURA,"37,452.58",ZONAS RESERVADAS           (09),15,Reserva Paisajística Cerro Khapia,D.S. Nº 008-2011-MINAM,28.05.2011,R.P. N° 096-2011-SERNANP,31.05.2011,PUNO,"18,313.79",ZONAS RESERVADAS           (09),17,Ancón,R.M. Nº 275-2011-MINAM,28.11.2011,R.M. Nº 140-2013-MINAM,10.05.2013,LIMA,"2,193.01",AREAS DE CONSERVACION REGIONAL (25),"ACR
ACR 01","
Cordillera Escalera",D.S. Nº 045-2005-AG,22.12.2005,,,SAN MARTIN,149870,AREAS DE CONSERVACION REGIONAL (25),ACR 02,Humedales de Ventanilla,D.S. Nº 074-2006-AG,19.12.2006,D.S. Nº 003-2012-MINAM,06.09.2012,CALLAO,275.45,AREAS DE CONSERVACION REGIONAL (25),ACR 03,Albúfera de Medio Mundo,D.S. Nº 006-2007-AG,24.01.2007,D.S. Nº 005-2013-MINAM,06.06.2013,LIMA,687.71,AREAS DE CONSERVACION REGIONAL (25),ACR 04,Comunal Tamshiyacu Tahuayo,D.S. Nº 010-2009-MINAM,15.05.2009,,,LORETO,420080.25,AREAS DE CONSERVACION REGIONAL (25),ACR 05,Vilacota Maure,D.S. Nº 015-2009-MINAM,27.08.2009,,,TACNA,124313.18,AREAS DE CONSERVACION REGIONAL (25),ACR 06,Imiria,D.S. Nº 006-2010-MINAM,15.06.2010,,,UCAYALI,135737.52,AREAS DE CONSERVACION REGIONAL (25),ACR 07,Choquequirao,D.S. Nº 022-2010-MINAM,23.12.2010,,,CUSCO,103814.39,AREAS DE CONSERVACION REGIONAL (25),ACR 08,Bosque de Puya Raymondi - Titankayocc,D.S. Nº 023-2010-MINAM,23.12.2010,,,AYACUCHO,6272.39,AREAS DE CONSERVACION REGIONAL (25),ACR 09,Ampiyacu Apayacu,D.S. Nº 024-2010-MINAM,23.12.2010,,,LORETO,434129.54,AREAS DE CONSERVACION REGIONAL (25),ACR 10,Alto Nanay-Pintuyacu-Chambira,D.S. Nº 005-2011-MINAM,18.03.2011,,,LORETO,954635.48,AREAS DE CONSERVACION REGIONAL (25),ACR 11,Angostura Faical,D.S. Nº 006-2011-MINAM,18.03.2011,,,TUMBES,8794.5,AREAS DE CONSERVACION REGIONAL (25),ACR 12,Bosque Huacrupe - La Calera,D.S. Nº 012-2011-MINAM,22.06.2011,,,LAMBAYEQUE,7272.27,AREAS DE CONSERVACION REGIONAL (25),ACR 13,Bosque Moyán - Palacio,D.S. Nº 013-2011-MINAM,22.06.2011,,,LAMBAYEQUE,8457.76,AREAS DE CONSERVACION REGIONAL (25),ACR 14,Huaytapallana,D.S. Nº 018-2011-MINAM,21.07.2011,,,JUNÍN,22406.52,AREAS DE CONSERVACION REGIONAL (25),ACR 15,Bosques Secos de Salitral - Huarmaca,D.S. Nº 019-2011-MINAM,21.07.2011,,,PIURA,28811.86,AREAS DE CONSERVACION REGIONAL (25),ACR 16,Laguna de Huacachina,D.S. Nº 008-2014-MINAM,06.08.2014,,,ICA,2407.72,AREAS DE CONSERVACION REGIONAL (25),ACR 17,Maijuna Kichwa,D.S. Nº 008-2015-MINAM,16.06.2015,,,LORETO,391039.82,AREAS DE CONSERVACION REGIONAL (25),ACR 18,Tres Cañones,D.S. Nº 006-2017-MINAM,24.08.2017,,,CUSCO,39485.11,AREAS DE CONSERVACION REGIONAL (25),ACR 19,Vista Alegre-Omia,D.S. Nº 005-2018-MINAM,17.06.2018,,,AMAZONAS,48944.51,AREAS DE CONSERVACION REGIONAL (25),ACR 20,Bosques Tropicales Estacionalmente Secos del Marañón,D.S. Nº 006-2018-MINAM,17.06.2018,,,AMAZONAS,13929.12,AREAS DE CONSERVACION REGIONAL (25),ACR 21,Bosques de Shunté y Mishollo,D.S. Nº 016-2018-MINAM,15.12.2018,,,SAN MARTIN,191405.53,AREAS DE CONSERVACION REGIONAL (25),ACR 22,"Bosques El Chaupe, Cunia y Chinchiquilla",D.S. Nº 008-2019-MINAM,01.10.2019,,,CAJAMARCA,21868.88,AREAS DE CONSERVACION REGIONAL (25),ACR 23,Sistema de Lomas de Lima,D.S. Nº 011-2019-MINAM,07.12.2019,,,LIMA,13475.74,AREAS DE CONSERVACION REGIONAL (25),ACR 24,Ausangate,D.S. Nº 012-2019-MINAM,12.12.2019,,,CUSCO,66514.17,AREAS DE CONSERVACION REGIONAL (25),ACR 25,Bosque Montano de Carpish,D.S. Nº 014-2019-MINAM,01.01.2020,,,HUANUCO,50559.21,areas de conservacion privada (143),1,Chaparrí,R.M. Nº 1324-2001-AG,19.12.2001,R.M. Nº 153-2011-MINAM,19.07.2011,LAMBAYEQUE y CAJAMARCA,34412,areas de conservacion privada (143),2,Bosque Natural El Cañoncillo,R.M. Nº 0804-2004-AG,16.09.2004,,,LA LIBERTAD,1310.9,areas de conservacion privada (143),3,Pacllón,R.M. Nº 908-2005-AG,13.12.2005,,,ANCASH,12896.56,areas de conservacion privada (143),4,Huayllapa,R.M. Nº 909-2005-AG,13.12.2005,R.M. Nº 202-2007-AG,06.03.2007,LIMA,21106.57,areas de conservacion privada (143),6,Huiquilla,R.M. Nº 1458-2006-AG,30.11.2006,,,AMAZONAS,1140.54,areas de conservacion privada (143),7,San Antonio,R.M. Nº 227-2007-AG,09.03.2007,,,AMAZONAS,357.39,areas de conservacion privada (143),9,Jirishanca,R.M. Nº 346-2007-AG,24.04.2007,,,HUANUCO,12172.91,areas de conservacion privada (143),10,Abra Patricia - Alto Nieva,R.M. Nº 621-2007-AG,16.10.2007,,,AMAZONAS,1415.74,areas de conservacion privada (143),13,Abra Málaga Thastayoc - Royal Cinclodes,R.M. Nº 004-2009-MINAM,16.01.2009,,,CUSCO,70.644,areas de conservacion privada (143),14,Hatun Queuña-Quishuarani Ccollana,R.M. Nº 005-2009-MINAM,16.01.2009,,,CUSCO,234.88,areas de conservacion privada (143),17,Sele Tecse - Lares Ayllu,R.M. Nº 072-2010-MINAM,06.05.2010,,,CUSCO,974.22,areas de conservacion privada (143),18,Mantanay,R.M. Nº 073-2010-MINAM,06.05.2010,,,CUSCO,365.57,areas de conservacion privada (143),19,Choquechaca,R.M. Nº 074-2010-MINAM,06.05.2010,,,CUSCO,2076.54,areas de conservacion privada (143),20,Tambo Ilusión,R.M. Nº 075-2010-MINAM,06.05.2010,,,SAN MARTIN,14.29,areas de conservacion privada (143),21,Tilacancha,R.M. Nº 118-2010-MINAM,06.07.2010,,,AMAZONAS,6800.48,areas de conservacion privada (143),22,Habana Rural Inn,R.M. Nº 156-2010-MINAM,06.09.2010,,,MADRE DE DIOS,27.79,areas de conservacion privada (143),23,Refugio K'erenda Homet,R.M. Nº 157-2010-MINAM,06.09.2010,,,MADRE DE DIOS,35.4,areas de conservacion privada (143),24,Bahuaja,R.M. Nº 158-2010-MINAM,06.09.2010,,,MADRE DE DIOS,5.57,areas de conservacion privada (143),25,Tutusima,R.M. Nº 159-2010-MINAM,06.09.2010,,,MADRE DE DIOS,5.43,areas de conservacion privada (143),26,Bosque Seco Amotape,R.M. Nº 242-2010-MINAM,01.12.2010,,,TUMBES,123.3,areas de conservacion privada (143),27,Selva Botánica,R.M. Nº 264-2010-MINAM,29.12.2010,,,LORETO,170.46,areas de conservacion privada (143),28,Herman Dantas,R.M. Nº 266-2010-MINAM,29.12.2010,,,LORETO,49.07,areas de conservacion privada (143),29,Juningue,R.M. Nº 033-2011-MINAM,17.02.2011,,,SAN MARTIN,39.12,areas de conservacion privada (143),30,Qosqoccahuarina,R.M. Nº 089-2011-MINAM,28.04.2011,,,CUSCO,1827,areas de conservacion privada (143),31,Pampacorral,R.M. Nº 090-2011-MINAM,28.04.2011,,,CUSCO,767.56,areas de conservacion privada (143),32,Hierba Buena - Allpayacu,R.M. Nº 123-2011-MINAM,07.06.2011,,,AMAZONAS,2282.12,areas de conservacion privada (143),33,San Marcos,R.M. Nº 133-2011-MINAM,16.06.2011,,,HUANUCO,985.99,areas de conservacion privada (143),34,Copallín,R.M. Nº 140-2011-MINAM,24.06.2011,,,AMAZONAS,11549.21,areas de conservacion privada (143),35,Amazon Natural Park,R.M. Nº 155-2011-MINAM,19.07.2011,,,LORETO,62.66,areas de conservacion privada (143),36,Milpuj - La Heredad,R.M. Nº 164-2011-MINAM,26.07.2011,,,AMAZONAS,16.57,areas de conservacion privada (143),37,Lomas de Atiquipa,R.M. Nº 165-2011-MINAM,26.07.2011,,,AREQUIPA,19028.02,areas de conservacion privada (143),38,Huaylla Belén - Colcamar,R.M. Nº 166-2011-MINAM,26.07.2011,,,AMAZONAS,6338.42,areas de conservacion privada (143),39,La Huerta del Chaparrí,R.M. Nº 266-2011-MINAM,11.11.2011,,,LAMBAYEQUE,100.0001,areas de conservacion privada (143),40,Pillco Grande - Bosque de Pumataki,R.M. Nº 299-2011-MINAM,22.12.2011,,,CUSCO,271.62,areas de conservacion privada (143),41,Panguana,R.M. Nº 300-2011-MINAM,22.12.2011,,,HUANUCO,135.6,areas de conservacion privada (143),42,Japu - Bosque Ukumari Llaqta,R.M. Nº 301-2011-MINAM,22.12.2011,,,CUSCO,18695.75,areas de conservacion privada (143),43,Microcuenca de Paria,R.M. Nº 306-2011-MINAM,29.12.2011,,,ANCASH,767.34,areas de conservacion privada (143),44,Inotawa-2,R.M. Nº 013-2012-MINAM,24.01.2012,,,MADRE DE DIOS,15.59,areas de conservacion privada (143),45,Inotawa-1,R.M. Nº 016-2012-MINAM,24.01.2012,,,MADRE DE DIOS,58.92,areas de conservacion privada (143),46,San Juan Bautista,R.M. Nº 035-2012-MINAM,24.02.2012,,,MADRE DE DIOS,23.14,areas de conservacion privada (143),47,Boa Wadack Dari,R.M. Nº 079-2012-MINAM,26.03.2012,,,MADRE DE DIOS,22.88,areas de conservacion privada (143),48,Nuevo Amanecer,R.M. Nº 081-2012-MINAM,26.03.2012,,,MADRE DE DIOS,28.38,areas de conservacion privada (143),49,Taypipiña,R.M. Nº 135-2012-MINAM,01.06.2012,,,PUNO,651.19,areas de conservacion privada (143),50,Checca,R.M. Nº 147-2012-MINAM,11.06.2012,,,PUNO,560,areas de conservacion privada (143),51,El Gato,R.M. Nº 185-2012-MINAM,16.07.2012,,,MADRE DE DIOS,45,areas de conservacion privada (143),52,Bosque Benjamín I,R.M. Nº 244-2012-MINAM,13.09.2012,,,MADRE DE DIOS,28.41,areas de conservacion privada (143),53,Bosque de Palmeras de la Comunidad Campesina Taulia Molinopampa,R.M. Nº 252-2012-MINAM,20.09.2012,,,AMAZONAS,10920.84,areas de conservacion privada (143),54,Gotas de Agua II,R.M. Nº 268-2012-MINAM,28.09.2012,,,CAJAMARCA,7.5,areas de conservacion privada (143),55,Gotas de Agua I,R.M. Nº 269-2012-MINAM,28.09.2012,,,CAJAMARCA,3,areas de conservacion privada (143),56,Los Chilchos,R.M. Nº 320-2012-MINAM,21.11.2012,,,AMAZONAS,46000,areas de conservacion privada (143),57,Camino Verde Baltimore,R.M. Nº 346-2012-MINAM,28.12.2012,,,MADRE DE DIOS,21.07,areas de conservacion privada (143),58,Larga Vista I,R.M. Nº 020-2013-MINAM,21.01.2013,,,SAN MARTIN,22.32,areas de conservacion privada (143),59,Larga Vista II,R.M. Nº 021-2013-MINAM,21.01.2013,,,SAN MARTIN,22.5,areas de conservacion privada (143),60,Pucunucho,R.M. Nº 040-2013-MINAM,15.02.2013,,,SAN MARTIN,23.5,areas de conservacion privada (143),61,Bosque Berlín,R.M. Nº 073-2013-MINAM,04.03.2013,,,AMAZONAS,59,areas de conservacion privada (143),62,Bosques de Neblina y Páramos de Samanga,R.M. Nº 117-2013-MINAM,18.04.2013,,,PIURA,2888.03,areas de conservacion privada (143),63,Bosque Benjamín II,R.M. Nº 185-2013-MINAM,21.06.2013,,,MADRE DE DIOS,29,areas de conservacion privada (143),64,Selva Virgen,R.M. Nº 203-2013-MINAM,11.07.2013,,,LORETO,24.51,areas de conservacion privada (143),65,La Pampa del Burro,R.M. Nº 208-2013-MINAM,16.07.2013,,,AMAZONAS,2776.96,areas de conservacion privada (143),66,Bosque Benjamín III,R.M. Nº 213-2013-MINAM,17.07.2013,,,MADRE DE DIOS,26,areas de conservacion privada (143),67,Las Panguanas 3,R.M. Nº 385-2013-MINAM,09.12.2013,,,LORETO,6.87,areas de conservacion privada (143),68,Las Panguanas 4,R.M. Nº 386-2013-MINAM,09.12.2013,,,LORETO,5.12,areas de conservacion privada (143),69,Las Panguanas 2,R.M. Nº 396-2013-MINAM,27.12.2013,,,LORETO,0.62,areas de conservacion privada (143),70,Paraíso Natural Iwirati,R.M. Nº 010-2014-MINAM,14.01.2014,,,LORETO,100,areas de conservacion privada (143),71,Amazon Shelter,R.M. Nº 105-2014-MINAM,14.04.2014,,,MADRE DE DIOS,9.59,areas de conservacion privada (143),72,Espíritu del Monte,R.M. Nº 146-2014-MINAM,26.05.2014,,,MADRE DE DIOS,40,areas de conservacion privada (143),73,Las Panguanas 1,R.M. Nº 183-2014-MINAM,23.06.2014,,,LORETO,1.91,areas de conservacion privada (143),74,Kakiri Uka,R.M. N° 234-2014-MINAM,25.07.2014,,,LORETO,12.14,areas de conservacion privada (143),75,Cavernas de Leo,R.M. N° 301-2014-MINAM,15.09.2014,,,AMAZONAS,12.5,areas de conservacion privada (143),76,Ilish Pichacoto,R.M. N° 365-2014-MINAM,31.10.2014,,,JUNIN,329.26,areas de conservacion privada (143),77,Lagunas y Páramos de Andinos de San José de Tapal,R.M. N° 071-2015-MINAM,31.03.2015,,,PIURA,908,areas de conservacion privada (143),78,Llamapampa - La Jalca,R.M. N° 089-2015-MINAM,17.04.2015,,,AMAZONAS,17502.93,areas de conservacion privada (143),79,Wacan Numi,R.M. N° 096-2015-MINAM,24.04.2015,,,LORETO,12.8,areas de conservacion privada (143),80,Bosque de Nogal y Bosque de Puentecilla,R.M. N° 134-2015-MINAM,26.05.2015,,,PIURA,449.26,areas de conservacion privada (143),81,Bosques de Cuyas Cuchayo,R.M. N° 153-2015-MINAM,08.06.2015,,,PIURA,102.65,areas de conservacion privada (143),82,Ronsoco Cocha,R.M. N° 154-2015-MINAM,08.06.2015,,,SAN MARTIN,363.683,areas de conservacion privada (143),83,Siete Cataratas - Qanchis Paccha,R.M. N° 214-2015-MINAM,21.08.2015,,,CUSCO,1008.51,areas de conservacion privada (143),84,San Luis,R.M. N° 335-2015-MINAM,01.12.2015,,,CUSCO,1144,areas de conservacion privada (143),85,El Cortijo,R.M. N° 358-2015-MINAM,30.12.2015,,,LORETO,22.35,areas de conservacion privada (143),86,San Pedro de Chuquibamba,R.M. N° 359-2015-MINAM,30.12.2015,,,AMAZONAS,19560,areas de conservacion privada (143),87,Botafogo,R.M. N° 012-2016-MINAM,22.01.2016,,,MADRE DE DIOS,16.8744,areas de conservacion privada (143),88,Aurora,R.M. N° 024-2016-MINAM,09.02.2016,,,LORETO,38.9617,areas de conservacion privada (143),89,Mangamanguilla de la Asociación Agraria Manga Manga de Salitral,R.M. N° 047-2016-MINAM,02.03.2016,,,PIURA,1738.23,areas de conservacion privada (143),90,"Los Bosques de Dotor, Hualtacal, Pueblo Libre, La Jardina y Chorro Blanco",R.M. N° 084-2016-MINAM,04.04.2016,,,PIURA,9944.73,areas de conservacion privada (143),91,Bosque Seco de la Comunidad Campesina Cesar Vallejo de Palo Blanco,R.M. N° 106-2016-MINAM,27.04.2016,,,PIURA,200,areas de conservacion privada (143),92,Bosques Montanos y Páramos Chicuate - Chinguelas,R.M. N° 138-2016-MINAM,04.06.2016,,,PIURA,27107.45,areas de conservacion privada (143),93,Palmonte,R.M. N° 157-2016-MINAM,23.06.2016,,,SAN MARTIN,14.3082,areas de conservacion privada (143),94,Sabalillo,R.M. N° 158-2016-MINAM,23.06.2016,,,LORETO,22.6864,areas de conservacion privada (143),95,Santuario de La Verónica,R.M. N° 177-2016-MINAM,08.07.2016,,,CUSCO,20.793,areas de conservacion privada (143),96,Fundo Rosita,R.M. N° 179-2016-MINAM,13.07.2016,,,LORETO,244.925,areas de conservacion privada (143),97,Machusaniaca II,R.M. N° 185-2016-MINAM,21.07.2016,,,CUSCO,12.9836,areas de conservacion privada (143),98,Lomas del Cerro Campana,R.M. N° 192-2016-MINAM,26.07.2016,,,LA LIBERTAD,4564.98,areas de conservacion privada (143),99,Machusaniaca I,R.M. N° 193-2016-MINAM,26.07.2016,,,CUSCO,22.0048,areas de conservacion privada (143),100,Bosques Montanos y Páramos de Huaricancha,R.M. N° 194-2016-MINAM,26.07.2016,R.M. N° 048-2020-MINAM,16.02.2020,PIURA,5915.35,areas de conservacion privada (143),101,Yacila de Zamba,R.M. N° 199-2016-MINAM,26.07.2016,,,PIURA,1000,areas de conservacion privada (143),102,Bosque Seco de Chililique Alto,R.M. N° 202-2016-MINAM,26.07.2016,,,PIURA,200,areas de conservacion privada (143),103,Bosque de Neblina Aypate - Olleros,R.M. N° 204-2016-MINAM,27.07.2016,,,PIURA,243.5,areas de conservacion privada (143),104,Fundo Cadena,R.M. N° 205-2016-MINAM,27.07.2016,,,CUSCO,44.7374,areas de conservacion privada (143),105,Los Bosques de Overal y Palo Blanco,R.M. N° 206-2016-MINAM,27.07.2016,,,PIURA,3522.32,areas de conservacion privada (143),106,Ebio Kiabamene,R.M. N° 208-2016-MINAM,27.07.2016,,,MADRE DE DIOS,1924.6752,areas de conservacion privada (143),107,Tambopata Eco Lodge,R.M. N° 310-2016-MINAM,20.10.2016,,,MADRE DE DIOS,1065.7047,areas de conservacion privada (143),108,Fundo Las Neblinas,R.M. N° 311-2016-MINAM,20.10.2016,,,PASCO,30.362,areas de conservacion privada (143),109,Sumac Quilla,R.M. N° 332-2016-MINAM,02.11.2016,,,LORETO,36.22,areas de conservacion privada (143),110,Lakshmi Amazónica,R.M. N° 333-2016-MINAM,02.11.2016,,,LORETO,56.660564,areas de conservacion privada (143),111,Sumac Pacha,R.M. N° 334-2016-MINAM,02.11.2016,,,LORETO,30,areas de conservacion privada (143),112,Sumac Inti,R.M. N° 342-2016-MINAM,08.11.2016,,,LORETO,27.2,areas de conservacion privada (143),113,Wayqecha,R.M. N° 357-2016-MINAM,22.11.2016,,,CUSCO,593.8534,areas de conservacion privada (143),114,Chakra Educativa,R.M. N° 380-2016-MINAM,09.12.2016,,,LORETO,9.33675,areas de conservacion privada (143),115,Bahuaja 1,R.M. N° 004-2017-MINAM,05.01.2017,,,MADRE DE DIOS,132.0384,areas de conservacion privada (143),116,Bosque Seco de Colina Juan Velasco Alvarado,R.M. N° 048-2017-MINAM,15.02.2017,,,PIURA,2412.45,areas de conservacion privada (143),117,Santa Catalina de Moza,R.M. N° 049-2017-MINAM,15.02.2017,,,PIURA,1842.04,areas de conservacion privada (143),118,Zaragoza,R.M. N° 127-2017-MINAM,12.05.2017,,,PASCO,72.0491,areas de conservacion privada (143),119,Matoriato,R.M. N° 128-2017-MINAM,12.05.2017,,,CUSCO,1737.5,areas de conservacion privada (143),120,"Páramos y Bosques Montanos de la Comunidad Campesina San Juan de
Sallique",R.M. N° 239-2017-MINAM,23.08.2017,,,CAJAMARCA,3547.19,areas de conservacion privada (143),121,Zoo Perú,R.M. N° 261-2017-MINAM,15.09.2017,,,LORETO,80.625,areas de conservacion privada (143),122,Bosque Seco San Juan de los Guayaquiles,R.M. N° 262-2017-MINAM,15.09.2017,,,PIURA,304.84,areas de conservacion privada (143),123,Bosque de Churumazú,R.M. N° 330-2017-MINAM,02.11.2017,,,PASCO,14.0798,areas de conservacion privada (143),124,Darshan Ashram,R.M. N° 335-2017-MINAM,07.11.2017,,,LORETO,23.398,areas de conservacion privada (143),125,Las Naranjas,R.M. N° 147-2018-MINAM,18.04.2018,,,SAN MARTIN,30,areas de conservacion privada (143),126,Bioparque Amazónico: Bosque de Huayo,R.M Nº 270-2018-MINAM,24.07.2018,,,LORETO,10.758995,areas de conservacion privada (143),127,Comunal Cujillo,R.M Nº 298-2018-MINAM,24.08.2018,,,CAJAMARCA,3740.28,areas de conservacion privada (143),128,Monte Puyo (Bosque de Nubes),R.M Nº 349-2018-MINAM,05.10.2018,,,AMAZONAS,16153,areas de conservacion privada (143),129,Refugio Lupuna,R.M Nº 367-2018-MINAM,24.10.2018,,,MADRE DE DIOS,41.9469,areas de conservacion privada (143),130,El Cortijo Centro Piedras,R.M Nº 431-2018-MINAM,11.12.2018,,,MADRE DE DIOS,68.7276,areas de conservacion privada (143),131,Páramos y Bosques Montanos San Miguel de Tabaconas,R.M Nº 432-2018-MINAM,11.12.2018,,,CAJAMARCA,17555.95,areas de conservacion privada (143),132,Copal Cuilungo,R.M Nº 433-2018-MINAM,11.12.2018,,,AMAZONAS,2573.07,areas de conservacion privada (143),133,Naturaleza Viva Ryo,R.M Nº 436-2018-MINAM,16.12.2018,,,MADRE DE DIOS,26.3,areas de conservacion privada (143),134,Masheke,R.M Nº 021-2019-MINAM,07.02.2019,,,MADRE DE DIOS,366.43,areas de conservacion privada (143),135,"Páramos y Bosques Montanos, Paraíso de la Comunidad Campesina San Felipe",R.M Nº 022-2019-MINAM,12.02.2019,,,CAJAMARCA,1957.75,areas de conservacion privada (143),136,Knoya - Supru,R.M. N° 026-2019-MINAM,15.02.2019,,,MADRE DE DIOS,2550.08,areas de conservacion privada (143),137,Comunal San Pablo-Catarata Gocta,R.M. N° 115-2019-MINAM,29.04.2019,,,AMAZONAS,2603.5732,areas de conservacion privada (143),138,Arroyo Negro,R.M. N° 113-2019-MINAM,01.05.2019,,,AMAZONAS,156.42,areas de conservacion privada (143),139,Hakim & Cumorah,R.M. N° 124-2019-MINAM,05.05.2019,,,LORETO,61.7309,areas de conservacion privada (143),140,Comunidad Nativa Tibi Playa I Zona Río Ucayali,R.M. N° 342-2019-MINAM,11.11.2019,,,LORETO,1122.47,areas de conservacion privada (143),141,Zoo Perú 1,R.M. N° 367-2019-MINAM,02.12.2019,,,LORETO,80.625,areas de conservacion privada (143),142,Kuntur Wachana,R.M. N° 014-2020-MINAM,16.01.2020,,,CUSCO,1289.13,areas de conservacion privada (143),143,Pumahuasi,R.M. N° 015-2020-MINAM,16.01.2020,,,CUSCO,861.01,areas de conservacion privada (143),144,Fundo San Isidro El Labrador,R.M. N° 018-2020-MINAM,20.01.2020,,,LORETO,23.357,areas de conservacion privada (143),145,Buen Retiro,R.M. N° 032-2020-MINAM,03.02.2020,,,LORETO,67.431,areas de conservacion privada (143),146,Bosque Cachil,R.M. N° 037-2020-MINAM,07.02.2020,,,CAJAMARCA,210.4,areas de conservacion privada (143),147,La Niebla Forest,R.M. N° 059-2020-MINAM,26.02.2020,,,JUNIN,70.28,areas de conservacion privada (143),148,Comunidad Nativa San Jorge del Río Marañón,R.M. N° 172-2020-MINAM,23.08.2020,,,LORETO,1060.86,areas de conservacion privada (143),149,Unchog,R.M. N° 240-2020-MINAM,23.11.2020,,,HUANUCO,885.28,
